,Accuracy,Precision,Recall,F1
LogisticRegression,0.9649122807017544,0.975,0.9285714285714286,0.9512195121951219
RandomForest,0.9736842105263158,1.0,0.9285714285714286,0.9629629629629629
XGBoost,0.9736842105263158,1.0,0.9285714285714286,0.9629629629629629
SVC,0.9736842105263158,1.0,0.9285714285714286,0.9629629629629629
DecisionTree,0.9210526315789473,0.9459459459459459,0.8333333333333334,0.8860759493670886
